source_group,method,id,score,source_file
Original GPT-4 logs,Original Standard,0,7.2,data/original_logs/gpt-4_1.0_naive_standard_sample_10_start0_end100.json
Original GPT-4 logs,Original Standard,1,8.8,data/original_logs/gpt-4_1.0_naive_standard_sample_10_start0_end100.json
Original GPT-4 logs,Original Standard,2,7.4,data/original_logs/gpt-4_1.0_naive_standard_sample_10_start0_end100.json
Original GPT-4 logs,Original Standard,3,8.4,data/original_logs/gpt-4_1.0_naive_standard_sample_10_start0_end100.json
Original GPT-4 logs,Original Standard,4,5.2,data/original_logs/gpt-4_1.0_naive_standard_sample_10_start0_end100.json
Original GPT-4 logs,Original Standard,5,9.0,data/original_logs/gpt-4_1.0_naive_standard_sample_10_start0_end100.json
Original GPT-4 logs,Original Standard,6,7.0,data/original_logs/gpt-4_1.0_naive_standard_sample_10_start0_end100.json
Original GPT-4 logs,Original Standard,7,7.8,data/original_logs/gpt-4_1.0_naive_standard_sample_10_start0_end100.json
Original GPT-4 logs,Original Standard,8,9.0,data/original_logs/gpt-4_1.0_naive_standard_sample_10_start0_end100.json
Original GPT-4 logs,Original Standard,9,8.2,data/original_logs/gpt-4_1.0_naive_standard_sample_10_start0_end100.json
Original GPT-4 logs,Original Standard,10,8.0,data/original_logs/gpt-4_1.0_naive_standard_sample_10_start0_end100.json
Original GPT-4 logs,Original Standard,11,8.4,data/original_logs/gpt-4_1.0_naive_standard_sample_10_start0_end100.json
Original GPT-4 logs,Original Standard,12,8.2,data/original_logs/gpt-4_1.0_naive_standard_sample_10_start0_end100.json
Original GPT-4 logs,Original Standard,13,8.4,data/original_logs/gpt-4_1.0_naive_standard_sample_10_start0_end100.json
Original GPT-4 logs,Original Standard,14,7.0,data/original_logs/gpt-4_1.0_naive_standard_sample_10_start0_end100.json
Original GPT-4 logs,Original Standard,15,7.0,data/original_logs/gpt-4_1.0_naive_standard_sample_10_start0_end100.json
Original GPT-4 logs,Original Standard,16,7.8,data/original_logs/gpt-4_1.0_naive_standard_sample_10_start0_end100.json
Original GPT-4 logs,Original Standard,17,7.6,data/original_logs/gpt-4_1.0_naive_standard_sample_10_start0_end100.json
Original GPT-4 logs,Original Standard,18,6.2,data/original_logs/gpt-4_1.0_naive_standard_sample_10_start0_end100.json
Original GPT-4 logs,Original Standard,19,8.2,data/original_logs/gpt-4_1.0_naive_standard_sample_10_start0_end100.json
Original GPT-4 logs,Original Standard,20,8.6,data/original_logs/gpt-4_1.0_naive_standard_sample_10_start0_end100.json
Original GPT-4 logs,Original Standard,21,9.2,data/original_logs/gpt-4_1.0_naive_standard_sample_10_start0_end100.json
Original GPT-4 logs,Original Standard,22,9.0,data/original_logs/gpt-4_1.0_naive_standard_sample_10_start0_end100.json
Original GPT-4 logs,Original Standard,23,7.8,data/original_logs/gpt-4_1.0_naive_standard_sample_10_start0_end100.json
Original GPT-4 logs,Original Standard,24,8.6,data/original_logs/gpt-4_1.0_naive_standard_sample_10_start0_end100.json
Original GPT-4 logs,Original Standard,25,8.8,data/original_logs/gpt-4_1.0_naive_standard_sample_10_start0_end100.json
Original GPT-4 logs,Original Standard,26,5.8,data/original_logs/gpt-4_1.0_naive_standard_sample_10_start0_end100.json
Original GPT-4 logs,Original Standard,27,8.0,data/original_logs/gpt-4_1.0_naive_standard_sample_10_start0_end100.json
Original GPT-4 logs,Original Standard,28,8.4,data/original_logs/gpt-4_1.0_naive_standard_sample_10_start0_end100.json
Original GPT-4 logs,Original Standard,29,7.8,data/original_logs/gpt-4_1.0_naive_standard_sample_10_start0_end100.json
Original GPT-4 logs,Original Standard,30,5.2,data/original_logs/gpt-4_1.0_naive_standard_sample_10_start0_end100.json
Original GPT-4 logs,Original Standard,31,8.2,data/original_logs/gpt-4_1.0_naive_standard_sample_10_start0_end100.json
Original GPT-4 logs,Original Standard,32,7.8,data/original_logs/gpt-4_1.0_naive_standard_sample_10_start0_end100.json
Original GPT-4 logs,Original Standard,33,8.8,data/original_logs/gpt-4_1.0_naive_standard_sample_10_start0_end100.json
Original GPT-4 logs,Original Standard,34,8.0,data/original_logs/gpt-4_1.0_naive_standard_sample_10_start0_end100.json
Original GPT-4 logs,Original Standard,35,7.4,data/original_logs/gpt-4_1.0_naive_standard_sample_10_start0_end100.json
Original GPT-4 logs,Original Standard,36,7.8,data/original_logs/gpt-4_1.0_naive_standard_sample_10_start0_end100.json
Original GPT-4 logs,Original Standard,37,8.6,data/original_logs/gpt-4_1.0_naive_standard_sample_10_start0_end100.json
Original GPT-4 logs,Original Standard,38,7.6,data/original_logs/gpt-4_1.0_naive_standard_sample_10_start0_end100.json
Original GPT-4 logs,Original Standard,39,8.8,data/original_logs/gpt-4_1.0_naive_standard_sample_10_start0_end100.json
Original GPT-4 logs,Original Standard,40,8.4,data/original_logs/gpt-4_1.0_naive_standard_sample_10_start0_end100.json
Original GPT-4 logs,Original Standard,41,7.6,data/original_logs/gpt-4_1.0_naive_standard_sample_10_start0_end100.json
Original GPT-4 logs,Original Standard,42,7.8,data/original_logs/gpt-4_1.0_naive_standard_sample_10_start0_end100.json
Original GPT-4 logs,Original Standard,43,8.6,data/original_logs/gpt-4_1.0_naive_standard_sample_10_start0_end100.json
Original GPT-4 logs,Original Standard,44,7.0,data/original_logs/gpt-4_1.0_naive_standard_sample_10_start0_end100.json
Original GPT-4 logs,Original Standard,45,6.6,data/original_logs/gpt-4_1.0_naive_standard_sample_10_start0_end100.json
Original GPT-4 logs,Original Standard,46,7.0,data/original_logs/gpt-4_1.0_naive_standard_sample_10_start0_end100.json
Original GPT-4 logs,Original Standard,47,8.8,data/original_logs/gpt-4_1.0_naive_standard_sample_10_start0_end100.json
Original GPT-4 logs,Original Standard,48,8.4,data/original_logs/gpt-4_1.0_naive_standard_sample_10_start0_end100.json
Original GPT-4 logs,Original Standard,49,8.6,data/original_logs/gpt-4_1.0_naive_standard_sample_10_start0_end100.json
Original GPT-4 logs,Original Standard,50,8.0,data/original_logs/gpt-4_1.0_naive_standard_sample_10_start0_end100.json
Original GPT-4 logs,Original Standard,51,7.8,data/original_logs/gpt-4_1.0_naive_standard_sample_10_start0_end100.json
Original GPT-4 logs,Original Standard,52,7.8,data/original_logs/gpt-4_1.0_naive_standard_sample_10_start0_end100.json
Original GPT-4 logs,Original Standard,53,6.4,data/original_logs/gpt-4_1.0_naive_standard_sample_10_start0_end100.json
Original GPT-4 logs,Original Standard,54,8.2,data/original_logs/gpt-4_1.0_naive_standard_sample_10_start0_end100.json
Original GPT-4 logs,Original Standard,55,8.4,data/original_logs/gpt-4_1.0_naive_standard_sample_10_start0_end100.json
Original GPT-4 logs,Original Standard,56,8.2,data/original_logs/gpt-4_1.0_naive_standard_sample_10_start0_end100.json
Original GPT-4 logs,Original Standard,57,9.0,data/original_logs/gpt-4_1.0_naive_standard_sample_10_start0_end100.json
Original GPT-4 logs,Original Standard,58,8.4,data/original_logs/gpt-4_1.0_naive_standard_sample_10_start0_end100.json
Original GPT-4 logs,Original Standard,59,8.2,data/original_logs/gpt-4_1.0_naive_standard_sample_10_start0_end100.json
Original GPT-4 logs,Original Standard,60,8.0,data/original_logs/gpt-4_1.0_naive_standard_sample_10_start0_end100.json
Original GPT-4 logs,Original Standard,61,7.2,data/original_logs/gpt-4_1.0_naive_standard_sample_10_start0_end100.json
Original GPT-4 logs,Original Standard,62,9.2,data/original_logs/gpt-4_1.0_naive_standard_sample_10_start0_end100.json
Original GPT-4 logs,Original Standard,63,7.0,data/original_logs/gpt-4_1.0_naive_standard_sample_10_start0_end100.json
Original GPT-4 logs,Original Standard,64,9.0,data/original_logs/gpt-4_1.0_naive_standard_sample_10_start0_end100.json
Original GPT-4 logs,Original Standard,65,7.8,data/original_logs/gpt-4_1.0_naive_standard_sample_10_start0_end100.json
Original GPT-4 logs,Original Standard,66,8.0,data/original_logs/gpt-4_1.0_naive_standard_sample_10_start0_end100.json
Original GPT-4 logs,Original Standard,67,7.4,data/original_logs/gpt-4_1.0_naive_standard_sample_10_start0_end100.json
Original GPT-4 logs,Original Standard,68,8.6,data/original_logs/gpt-4_1.0_naive_standard_sample_10_start0_end100.json
Original GPT-4 logs,Original Standard,69,6.4,data/original_logs/gpt-4_1.0_naive_standard_sample_10_start0_end100.json
Original GPT-4 logs,Original Standard,70,9.0,data/original_logs/gpt-4_1.0_naive_standard_sample_10_start0_end100.json
Original GPT-4 logs,Original Standard,71,8.2,data/original_logs/gpt-4_1.0_naive_standard_sample_10_start0_end100.json
Original GPT-4 logs,Original Standard,72,8.4,data/original_logs/gpt-4_1.0_naive_standard_sample_10_start0_end100.json
Original GPT-4 logs,Original Standard,73,8.0,data/original_logs/gpt-4_1.0_naive_standard_sample_10_start0_end100.json
Original GPT-4 logs,Original Standard,74,8.4,data/original_logs/gpt-4_1.0_naive_standard_sample_10_start0_end100.json
Original GPT-4 logs,Original Standard,75,8.2,data/original_logs/gpt-4_1.0_naive_standard_sample_10_start0_end100.json
Original GPT-4 logs,Original Standard,76,8.2,data/original_logs/gpt-4_1.0_naive_standard_sample_10_start0_end100.json
Original GPT-4 logs,Original Standard,77,8.0,data/original_logs/gpt-4_1.0_naive_standard_sample_10_start0_end100.json
Original GPT-4 logs,Original Standard,78,7.4,data/original_logs/gpt-4_1.0_naive_standard_sample_10_start0_end100.json
Original GPT-4 logs,Original Standard,79,8.2,data/original_logs/gpt-4_1.0_naive_standard_sample_10_start0_end100.json
Original GPT-4 logs,Original Standard,80,9.2,data/original_logs/gpt-4_1.0_naive_standard_sample_10_start0_end100.json
Original GPT-4 logs,Original Standard,81,8.2,data/original_logs/gpt-4_1.0_naive_standard_sample_10_start0_end100.json
Original GPT-4 logs,Original Standard,82,8.0,data/original_logs/gpt-4_1.0_naive_standard_sample_10_start0_end100.json
Original GPT-4 logs,Original Standard,83,8.2,data/original_logs/gpt-4_1.0_naive_standard_sample_10_start0_end100.json
Original GPT-4 logs,Original Standard,84,8.0,data/original_logs/gpt-4_1.0_naive_standard_sample_10_start0_end100.json
Original GPT-4 logs,Original Standard,85,8.0,data/original_logs/gpt-4_1.0_naive_standard_sample_10_start0_end100.json
Original GPT-4 logs,Original Standard,86,7.4,data/original_logs/gpt-4_1.0_naive_standard_sample_10_start0_end100.json
Original GPT-4 logs,Original Standard,87,8.0,data/original_logs/gpt-4_1.0_naive_standard_sample_10_start0_end100.json
Original GPT-4 logs,Original Standard,88,8.4,data/original_logs/gpt-4_1.0_naive_standard_sample_10_start0_end100.json
Original GPT-4 logs,Original Standard,89,8.4,data/original_logs/gpt-4_1.0_naive_standard_sample_10_start0_end100.json
Original GPT-4 logs,Original Standard,90,7.8,data/original_logs/gpt-4_1.0_naive_standard_sample_10_start0_end100.json
Original GPT-4 logs,Original Standard,91,7.8,data/original_logs/gpt-4_1.0_naive_standard_sample_10_start0_end100.json
Original GPT-4 logs,Original Standard,92,7.4,data/original_logs/gpt-4_1.0_naive_standard_sample_10_start0_end100.json
Original GPT-4 logs,Original Standard,93,8.2,data/original_logs/gpt-4_1.0_naive_standard_sample_10_start0_end100.json
Original GPT-4 logs,Original Standard,94,6.4,data/original_logs/gpt-4_1.0_naive_standard_sample_10_start0_end100.json
Original GPT-4 logs,Original Standard,95,7.4,data/original_logs/gpt-4_1.0_naive_standard_sample_10_start0_end100.json
Original GPT-4 logs,Original Standard,96,8.6,data/original_logs/gpt-4_1.0_naive_standard_sample_10_start0_end100.json
Original GPT-4 logs,Original Standard,97,9.0,data/original_logs/gpt-4_1.0_naive_standard_sample_10_start0_end100.json
Original GPT-4 logs,Original Standard,98,8.2,data/original_logs/gpt-4_1.0_naive_standard_sample_10_start0_end100.json
Original GPT-4 logs,Original Standard,99,8.6,data/original_logs/gpt-4_1.0_naive_standard_sample_10_start0_end100.json
Original GPT-4 logs,Original CoT,0,7.8,data/original_logs/gpt-4_1.0_naive_cot_sample_10_start0_end100.json
Original GPT-4 logs,Original CoT,1,8.0,data/original_logs/gpt-4_1.0_naive_cot_sample_10_start0_end100.json
Original GPT-4 logs,Original CoT,2,8.4,data/original_logs/gpt-4_1.0_naive_cot_sample_10_start0_end100.json
Original GPT-4 logs,Original CoT,3,8.0,data/original_logs/gpt-4_1.0_naive_cot_sample_10_start0_end100.json
Original GPT-4 logs,Original CoT,4,6.0,data/original_logs/gpt-4_1.0_naive_cot_sample_10_start0_end100.json
Original GPT-4 logs,Original CoT,5,9.0,data/original_logs/gpt-4_1.0_naive_cot_sample_10_start0_end100.json
Original GPT-4 logs,Original CoT,6,8.4,data/original_logs/gpt-4_1.0_naive_cot_sample_10_start0_end100.json
Original GPT-4 logs,Original CoT,7,8.0,data/original_logs/gpt-4_1.0_naive_cot_sample_10_start0_end100.json
Original GPT-4 logs,Original CoT,8,9.0,data/original_logs/gpt-4_1.0_naive_cot_sample_10_start0_end100.json
Original GPT-4 logs,Original CoT,9,7.8,data/original_logs/gpt-4_1.0_naive_cot_sample_10_start0_end100.json
Original GPT-4 logs,Original CoT,10,8.8,data/original_logs/gpt-4_1.0_naive_cot_sample_10_start0_end100.json
Original GPT-4 logs,Original CoT,11,9.0,data/original_logs/gpt-4_1.0_naive_cot_sample_10_start0_end100.json
Original GPT-4 logs,Original CoT,12,9.2,data/original_logs/gpt-4_1.0_naive_cot_sample_10_start0_end100.json
Original GPT-4 logs,Original CoT,13,8.2,data/original_logs/gpt-4_1.0_naive_cot_sample_10_start0_end100.json
Original GPT-4 logs,Original CoT,14,8.0,data/original_logs/gpt-4_1.0_naive_cot_sample_10_start0_end100.json
Original GPT-4 logs,Original CoT,15,7.6,data/original_logs/gpt-4_1.0_naive_cot_sample_10_start0_end100.json
Original GPT-4 logs,Original CoT,16,8.0,data/original_logs/gpt-4_1.0_naive_cot_sample_10_start0_end100.json
Original GPT-4 logs,Original CoT,17,8.4,data/original_logs/gpt-4_1.0_naive_cot_sample_10_start0_end100.json
Original GPT-4 logs,Original CoT,18,7.2,data/original_logs/gpt-4_1.0_naive_cot_sample_10_start0_end100.json
Original GPT-4 logs,Original CoT,19,8.4,data/original_logs/gpt-4_1.0_naive_cot_sample_10_start0_end100.json
Original GPT-4 logs,Original CoT,20,8.8,data/original_logs/gpt-4_1.0_naive_cot_sample_10_start0_end100.json
Original GPT-4 logs,Original CoT,21,8.8,data/original_logs/gpt-4_1.0_naive_cot_sample_10_start0_end100.json
Original GPT-4 logs,Original CoT,22,9.0,data/original_logs/gpt-4_1.0_naive_cot_sample_10_start0_end100.json
Original GPT-4 logs,Original CoT,23,8.4,data/original_logs/gpt-4_1.0_naive_cot_sample_10_start0_end100.json
Original GPT-4 logs,Original CoT,24,8.0,data/original_logs/gpt-4_1.0_naive_cot_sample_10_start0_end100.json
Original GPT-4 logs,Original CoT,25,8.2,data/original_logs/gpt-4_1.0_naive_cot_sample_10_start0_end100.json
Original GPT-4 logs,Original CoT,26,7.2,data/original_logs/gpt-4_1.0_naive_cot_sample_10_start0_end100.json
Original GPT-4 logs,Original CoT,27,8.0,data/original_logs/gpt-4_1.0_naive_cot_sample_10_start0_end100.json
Original GPT-4 logs,Original CoT,28,8.2,data/original_logs/gpt-4_1.0_naive_cot_sample_10_start0_end100.json
Original GPT-4 logs,Original CoT,29,8.6,data/original_logs/gpt-4_1.0_naive_cot_sample_10_start0_end100.json
Original GPT-4 logs,Original CoT,30,8.0,data/original_logs/gpt-4_1.0_naive_cot_sample_10_start0_end100.json
Original GPT-4 logs,Original CoT,31,8.2,data/original_logs/gpt-4_1.0_naive_cot_sample_10_start0_end100.json
Original GPT-4 logs,Original CoT,32,7.4,data/original_logs/gpt-4_1.0_naive_cot_sample_10_start0_end100.json
Original GPT-4 logs,Original CoT,33,8.8,data/original_logs/gpt-4_1.0_naive_cot_sample_10_start0_end100.json
Original GPT-4 logs,Original CoT,34,8.2,data/original_logs/gpt-4_1.0_naive_cot_sample_10_start0_end100.json
Original GPT-4 logs,Original CoT,35,7.0,data/original_logs/gpt-4_1.0_naive_cot_sample_10_start0_end100.json
Original GPT-4 logs,Original CoT,36,9.0,data/original_logs/gpt-4_1.0_naive_cot_sample_10_start0_end100.json
Original GPT-4 logs,Original CoT,37,8.4,data/original_logs/gpt-4_1.0_naive_cot_sample_10_start0_end100.json
Original GPT-4 logs,Original CoT,38,8.2,data/original_logs/gpt-4_1.0_naive_cot_sample_10_start0_end100.json
Original GPT-4 logs,Original CoT,39,8.6,data/original_logs/gpt-4_1.0_naive_cot_sample_10_start0_end100.json
Original GPT-4 logs,Original CoT,40,8.8,data/original_logs/gpt-4_1.0_naive_cot_sample_10_start0_end100.json
Original GPT-4 logs,Original CoT,41,8.0,data/original_logs/gpt-4_1.0_naive_cot_sample_10_start0_end100.json
Original GPT-4 logs,Original CoT,42,7.8,data/original_logs/gpt-4_1.0_naive_cot_sample_10_start0_end100.json
Original GPT-4 logs,Original CoT,43,8.4,data/original_logs/gpt-4_1.0_naive_cot_sample_10_start0_end100.json
Original GPT-4 logs,Original CoT,44,7.6,data/original_logs/gpt-4_1.0_naive_cot_sample_10_start0_end100.json
Original GPT-4 logs,Original CoT,45,6.8,data/original_logs/gpt-4_1.0_naive_cot_sample_10_start0_end100.json
Original GPT-4 logs,Original CoT,46,8.2,data/original_logs/gpt-4_1.0_naive_cot_sample_10_start0_end100.json
Original GPT-4 logs,Original CoT,47,8.6,data/original_logs/gpt-4_1.0_naive_cot_sample_10_start0_end100.json
Original GPT-4 logs,Original CoT,48,8.4,data/original_logs/gpt-4_1.0_naive_cot_sample_10_start0_end100.json
Original GPT-4 logs,Original CoT,49,8.6,data/original_logs/gpt-4_1.0_naive_cot_sample_10_start0_end100.json
Original GPT-4 logs,Original CoT,50,8.4,data/original_logs/gpt-4_1.0_naive_cot_sample_10_start0_end100.json
Original GPT-4 logs,Original CoT,51,8.0,data/original_logs/gpt-4_1.0_naive_cot_sample_10_start0_end100.json
Original GPT-4 logs,Original CoT,52,9.2,data/original_logs/gpt-4_1.0_naive_cot_sample_10_start0_end100.json
Original GPT-4 logs,Original CoT,53,6.2,data/original_logs/gpt-4_1.0_naive_cot_sample_10_start0_end100.json
Original GPT-4 logs,Original CoT,54,8.4,data/original_logs/gpt-4_1.0_naive_cot_sample_10_start0_end100.json
Original GPT-4 logs,Original CoT,55,8.2,data/original_logs/gpt-4_1.0_naive_cot_sample_10_start0_end100.json
Original GPT-4 logs,Original CoT,56,7.6,data/original_logs/gpt-4_1.0_naive_cot_sample_10_start0_end100.json
Original GPT-4 logs,Original CoT,57,8.4,data/original_logs/gpt-4_1.0_naive_cot_sample_10_start0_end100.json
Original GPT-4 logs,Original CoT,58,8.6,data/original_logs/gpt-4_1.0_naive_cot_sample_10_start0_end100.json
Original GPT-4 logs,Original CoT,59,8.4,data/original_logs/gpt-4_1.0_naive_cot_sample_10_start0_end100.json
Original GPT-4 logs,Original CoT,60,8.4,data/original_logs/gpt-4_1.0_naive_cot_sample_10_start0_end100.json
Original GPT-4 logs,Original CoT,61,6.0,data/original_logs/gpt-4_1.0_naive_cot_sample_10_start0_end100.json
Original GPT-4 logs,Original CoT,62,8.8,data/original_logs/gpt-4_1.0_naive_cot_sample_10_start0_end100.json
Original GPT-4 logs,Original CoT,63,7.6,data/original_logs/gpt-4_1.0_naive_cot_sample_10_start0_end100.json
Original GPT-4 logs,Original CoT,64,9.0,data/original_logs/gpt-4_1.0_naive_cot_sample_10_start0_end100.json
Original GPT-4 logs,Original CoT,65,8.2,data/original_logs/gpt-4_1.0_naive_cot_sample_10_start0_end100.json
Original GPT-4 logs,Original CoT,66,8.8,data/original_logs/gpt-4_1.0_naive_cot_sample_10_start0_end100.json
Original GPT-4 logs,Original CoT,67,7.8,data/original_logs/gpt-4_1.0_naive_cot_sample_10_start0_end100.json
Original GPT-4 logs,Original CoT,68,8.4,data/original_logs/gpt-4_1.0_naive_cot_sample_10_start0_end100.json
Original GPT-4 logs,Original CoT,69,7.8,data/original_logs/gpt-4_1.0_naive_cot_sample_10_start0_end100.json
Original GPT-4 logs,Original CoT,70,9.0,data/original_logs/gpt-4_1.0_naive_cot_sample_10_start0_end100.json
Original GPT-4 logs,Original CoT,71,8.6,data/original_logs/gpt-4_1.0_naive_cot_sample_10_start0_end100.json
Original GPT-4 logs,Original CoT,72,8.2,data/original_logs/gpt-4_1.0_naive_cot_sample_10_start0_end100.json
Original GPT-4 logs,Original CoT,73,7.4,data/original_logs/gpt-4_1.0_naive_cot_sample_10_start0_end100.json
Original GPT-4 logs,Original CoT,74,8.8,data/original_logs/gpt-4_1.0_naive_cot_sample_10_start0_end100.json
Original GPT-4 logs,Original CoT,75,8.2,data/original_logs/gpt-4_1.0_naive_cot_sample_10_start0_end100.json
Original GPT-4 logs,Original CoT,76,8.6,data/original_logs/gpt-4_1.0_naive_cot_sample_10_start0_end100.json
Original GPT-4 logs,Original CoT,77,8.4,data/original_logs/gpt-4_1.0_naive_cot_sample_10_start0_end100.json
Original GPT-4 logs,Original CoT,78,8.4,data/original_logs/gpt-4_1.0_naive_cot_sample_10_start0_end100.json
Original GPT-4 logs,Original CoT,79,8.2,data/original_logs/gpt-4_1.0_naive_cot_sample_10_start0_end100.json
Original GPT-4 logs,Original CoT,80,9.4,data/original_logs/gpt-4_1.0_naive_cot_sample_10_start0_end100.json
Original GPT-4 logs,Original CoT,81,8.2,data/original_logs/gpt-4_1.0_naive_cot_sample_10_start0_end100.json
Original GPT-4 logs,Original CoT,82,8.4,data/original_logs/gpt-4_1.0_naive_cot_sample_10_start0_end100.json
Original GPT-4 logs,Original CoT,83,7.8,data/original_logs/gpt-4_1.0_naive_cot_sample_10_start0_end100.json
Original GPT-4 logs,Original CoT,84,8.6,data/original_logs/gpt-4_1.0_naive_cot_sample_10_start0_end100.json
Original GPT-4 logs,Original CoT,85,8.8,data/original_logs/gpt-4_1.0_naive_cot_sample_10_start0_end100.json
Original GPT-4 logs,Original CoT,86,7.4,data/original_logs/gpt-4_1.0_naive_cot_sample_10_start0_end100.json
Original GPT-4 logs,Original CoT,87,8.6,data/original_logs/gpt-4_1.0_naive_cot_sample_10_start0_end100.json
Original GPT-4 logs,Original CoT,88,8.6,data/original_logs/gpt-4_1.0_naive_cot_sample_10_start0_end100.json
Original GPT-4 logs,Original CoT,89,8.8,data/original_logs/gpt-4_1.0_naive_cot_sample_10_start0_end100.json
Original GPT-4 logs,Original CoT,90,8.4,data/original_logs/gpt-4_1.0_naive_cot_sample_10_start0_end100.json
Original GPT-4 logs,Original CoT,91,7.4,data/original_logs/gpt-4_1.0_naive_cot_sample_10_start0_end100.json
Original GPT-4 logs,Original CoT,92,6.8,data/original_logs/gpt-4_1.0_naive_cot_sample_10_start0_end100.json
Original GPT-4 logs,Original CoT,93,8.6,data/original_logs/gpt-4_1.0_naive_cot_sample_10_start0_end100.json
Original GPT-4 logs,Original CoT,94,9.0,data/original_logs/gpt-4_1.0_naive_cot_sample_10_start0_end100.json
Original GPT-4 logs,Original CoT,95,8.4,data/original_logs/gpt-4_1.0_naive_cot_sample_10_start0_end100.json
Original GPT-4 logs,Original CoT,96,8.0,data/original_logs/gpt-4_1.0_naive_cot_sample_10_start0_end100.json
Original GPT-4 logs,Original CoT,97,8.6,data/original_logs/gpt-4_1.0_naive_cot_sample_10_start0_end100.json
Original GPT-4 logs,Original CoT,98,7.8,data/original_logs/gpt-4_1.0_naive_cot_sample_10_start0_end100.json
Original GPT-4 logs,Original CoT,99,8.4,data/original_logs/gpt-4_1.0_naive_cot_sample_10_start0_end100.json
Our Gemini runs,IO,49,6.0,results/runs/text_io_gem25_n100.jsonl
Our Gemini runs,IO,20,5.0,results/runs/text_io_gem25_n100.jsonl
Our Gemini runs,IO,80,3.3333333333333335,results/runs/text_io_gem25_n100.jsonl
Our Gemini runs,IO,79,5.333333333333333,results/runs/text_io_gem25_n100.jsonl
Our Gemini runs,IO,19,5.333333333333333,results/runs/text_io_gem25_n100.jsonl
Our Gemini runs,IO,50,7.666666666666667,results/runs/text_io_gem25_n100.jsonl
Our Gemini runs,IO,51,8.333333333333334,results/runs/text_io_gem25_n100.jsonl
Our Gemini runs,IO,22,6.0,results/runs/text_io_gem25_n100.jsonl
Our Gemini runs,IO,21,6.666666666666667,results/runs/text_io_gem25_n100.jsonl
Our Gemini runs,IO,52,3.6666666666666665,results/runs/text_io_gem25_n100.jsonl
Our Gemini runs,IO,83,3.0,results/runs/text_io_gem25_n100.jsonl
Our Gemini runs,IO,23,7.333333333333333,results/runs/text_io_gem25_n100.jsonl
Our Gemini runs,IO,24,3.3333333333333335,results/runs/text_io_gem25_n100.jsonl
Our Gemini runs,IO,82,6.333333333333333,results/runs/text_io_gem25_n100.jsonl
Our Gemini runs,IO,84,5.0,results/runs/text_io_gem25_n100.jsonl
Our Gemini runs,IO,54,6.0,results/runs/text_io_gem25_n100.jsonl
Our Gemini runs,IO,53,6.333333333333333,results/runs/text_io_gem25_n100.jsonl
Our Gemini runs,IO,25,8.0,results/runs/text_io_gem25_n100.jsonl
Our Gemini runs,IO,81,4.0,results/runs/text_io_gem25_n100.jsonl
Our Gemini runs,IO,86,7.0,results/runs/text_io_gem25_n100.jsonl
Our Gemini runs,IO,56,2.6666666666666665,results/runs/text_io_gem25_n100.jsonl
Our Gemini runs,IO,27,10.0,results/runs/text_io_gem25_n100.jsonl
Our Gemini runs,IO,55,8.0,results/runs/text_io_gem25_n100.jsonl
Our Gemini runs,IO,85,6.333333333333333,results/runs/text_io_gem25_n100.jsonl
Our Gemini runs,IO,57,8.333333333333334,results/runs/text_io_gem25_n100.jsonl
Our Gemini runs,IO,28,7.666666666666667,results/runs/text_io_gem25_n100.jsonl
Our Gemini runs,IO,88,7.666666666666667,results/runs/text_io_gem25_n100.jsonl
Our Gemini runs,IO,87,9.0,results/runs/text_io_gem25_n100.jsonl
Our Gemini runs,IO,89,3.0,results/runs/text_io_gem25_n100.jsonl
Our Gemini runs,IO,30,5.333333333333333,results/runs/text_io_gem25_n100.jsonl
Our Gemini runs,IO,29,3.3333333333333335,results/runs/text_io_gem25_n100.jsonl
Our Gemini runs,IO,58,7.666666666666667,results/runs/text_io_gem25_n100.jsonl
Our Gemini runs,IO,90,9.0,results/runs/text_io_gem25_n100.jsonl
Our Gemini runs,IO,59,10.0,results/runs/text_io_gem25_n100.jsonl
Our Gemini runs,IO,60,8.666666666666666,results/runs/text_io_gem25_n100.jsonl
Our Gemini runs,IO,31,8.333333333333334,results/runs/text_io_gem25_n100.jsonl
Our Gemini runs,IO,0,6.0,results/runs/text_io_gem25_n100.jsonl
Our Gemini runs,IO,61,5.0,results/runs/text_io_gem25_n100.jsonl
Our Gemini runs,IO,1,3.6666666666666665,results/runs/text_io_gem25_n100.jsonl
Our Gemini runs,IO,32,5.0,results/runs/text_io_gem25_n100.jsonl
Our Gemini runs,IO,62,4.333333333333333,results/runs/text_io_gem25_n100.jsonl
Our Gemini runs,IO,92,5.333333333333333,results/runs/text_io_gem25_n100.jsonl
Our Gemini runs,IO,93,9.666666666666666,results/runs/text_io_gem25_n100.jsonl
Our Gemini runs,IO,33,6.666666666666667,results/runs/text_io_gem25_n100.jsonl
Our Gemini runs,IO,3,5.0,results/runs/text_io_gem25_n100.jsonl
Our Gemini runs,IO,63,7.0,results/runs/text_io_gem25_n100.jsonl
Our Gemini runs,IO,34,6.0,results/runs/text_io_gem25_n100.jsonl
Our Gemini runs,IO,94,4.333333333333333,results/runs/text_io_gem25_n100.jsonl
Our Gemini runs,IO,64,7.0,results/runs/text_io_gem25_n100.jsonl
Our Gemini runs,IO,35,4.0,results/runs/text_io_gem25_n100.jsonl
Our Gemini runs,IO,95,3.0,results/runs/text_io_gem25_n100.jsonl
Our Gemini runs,IO,5,4.333333333333333,results/runs/text_io_gem25_n100.jsonl
Our Gemini runs,IO,65,5.333333333333333,results/runs/text_io_gem25_n100.jsonl
Our Gemini runs,IO,36,9.666666666666666,results/runs/text_io_gem25_n100.jsonl
Our Gemini runs,IO,91,3.6666666666666665,results/runs/text_io_gem25_n100.jsonl
Our Gemini runs,IO,6,4.666666666666667,results/runs/text_io_gem25_n100.jsonl
Our Gemini runs,IO,66,6.333333333333333,results/runs/text_io_gem25_n100.jsonl
Our Gemini runs,IO,37,3.6666666666666665,results/runs/text_io_gem25_n100.jsonl
Our Gemini runs,IO,26,5.0,results/runs/text_io_gem25_n100.jsonl
Our Gemini runs,IO,7,9.333333333333334,results/runs/text_io_gem25_n100.jsonl
Our Gemini runs,IO,97,5.333333333333333,results/runs/text_io_gem25_n100.jsonl
Our Gemini runs,IO,38,3.3333333333333335,results/runs/text_io_gem25_n100.jsonl
Our Gemini runs,IO,67,9.666666666666666,results/runs/text_io_gem25_n100.jsonl
Our Gemini runs,IO,98,5.0,results/runs/text_io_gem25_n100.jsonl
Our Gemini runs,IO,8,8.0,results/runs/text_io_gem25_n100.jsonl
Our Gemini runs,IO,39,9.333333333333334,results/runs/text_io_gem25_n100.jsonl
Our Gemini runs,IO,99,10.0,results/runs/text_io_gem25_n100.jsonl
Our Gemini runs,IO,9,8.0,results/runs/text_io_gem25_n100.jsonl
Our Gemini runs,IO,69,10.0,results/runs/text_io_gem25_n100.jsonl
Our Gemini runs,IO,40,9.0,results/runs/text_io_gem25_n100.jsonl
Our Gemini runs,IO,2,8.666666666666666,results/runs/text_io_gem25_n100.jsonl
Our Gemini runs,IO,70,3.0,results/runs/text_io_gem25_n100.jsonl
Our Gemini runs,IO,41,6.666666666666667,results/runs/text_io_gem25_n100.jsonl
Our Gemini runs,IO,71,8.333333333333334,results/runs/text_io_gem25_n100.jsonl
Our Gemini runs,IO,11,9.666666666666666,results/runs/text_io_gem25_n100.jsonl
Our Gemini runs,IO,42,9.333333333333334,results/runs/text_io_gem25_n100.jsonl
Our Gemini runs,IO,12,8.0,results/runs/text_io_gem25_n100.jsonl
Our Gemini runs,IO,72,9.0,results/runs/text_io_gem25_n100.jsonl
Our Gemini runs,IO,43,5.666666666666667,results/runs/text_io_gem25_n100.jsonl
Our Gemini runs,IO,4,7.666666666666667,results/runs/text_io_gem25_n100.jsonl
Our Gemini runs,IO,73,8.333333333333334,results/runs/text_io_gem25_n100.jsonl
Our Gemini runs,IO,44,9.0,results/runs/text_io_gem25_n100.jsonl
Our Gemini runs,IO,14,9.0,results/runs/text_io_gem25_n100.jsonl
Our Gemini runs,IO,13,7.0,results/runs/text_io_gem25_n100.jsonl
Our Gemini runs,IO,45,9.0,results/runs/text_io_gem25_n100.jsonl
Our Gemini runs,IO,74,3.0,results/runs/text_io_gem25_n100.jsonl
Our Gemini runs,IO,96,6.333333333333333,results/runs/text_io_gem25_n100.jsonl
Our Gemini runs,IO,15,9.333333333333334,results/runs/text_io_gem25_n100.jsonl
Our Gemini runs,IO,16,4.666666666666667,results/runs/text_io_gem25_n100.jsonl
Our Gemini runs,IO,46,9.333333333333334,results/runs/text_io_gem25_n100.jsonl
Our Gemini runs,IO,75,7.666666666666667,results/runs/text_io_gem25_n100.jsonl
Our Gemini runs,IO,47,8.0,results/runs/text_io_gem25_n100.jsonl
Our Gemini runs,IO,17,6.333333333333333,results/runs/text_io_gem25_n100.jsonl
Our Gemini runs,IO,48,5.333333333333333,results/runs/text_io_gem25_n100.jsonl
Our Gemini runs,IO,18,3.3333333333333335,results/runs/text_io_gem25_n100.jsonl
Our Gemini runs,IO,78,7.666666666666667,results/runs/text_io_gem25_n100.jsonl
Our Gemini runs,IO,68,8.666666666666666,results/runs/text_io_gem25_n100.jsonl
Our Gemini runs,IO,10,7.666666666666667,results/runs/text_io_gem25_n100.jsonl
Our Gemini runs,IO,76,8.0,results/runs/text_io_gem25_n100.jsonl
Our Gemini runs,IO,77,9.333333333333334,results/runs/text_io_gem25_n100.jsonl
Our Gemini runs,CoT,19,6.0,results/runs/text_cot_gem25_n100.jsonl
Our Gemini runs,CoT,80,7.0,results/runs/text_cot_gem25_n100.jsonl
Our Gemini runs,CoT,20,7.333333333333333,results/runs/text_cot_gem25_n100.jsonl
Our Gemini runs,CoT,79,6.0,results/runs/text_cot_gem25_n100.jsonl
Our Gemini runs,CoT,49,4.666666666666667,results/runs/text_cot_gem25_n100.jsonl
Our Gemini runs,CoT,51,6.666666666666667,results/runs/text_cot_gem25_n100.jsonl
Our Gemini runs,CoT,21,9.666666666666666,results/runs/text_cot_gem25_n100.jsonl
Our Gemini runs,CoT,50,7.666666666666667,results/runs/text_cot_gem25_n100.jsonl
Our Gemini runs,CoT,81,9.0,results/runs/text_cot_gem25_n100.jsonl
Our Gemini runs,CoT,22,2.3333333333333335,results/runs/text_cot_gem25_n100.jsonl
Our Gemini runs,CoT,53,9.0,results/runs/text_cot_gem25_n100.jsonl
Our Gemini runs,CoT,23,3.6666666666666665,results/runs/text_cot_gem25_n100.jsonl
Our Gemini runs,CoT,82,4.0,results/runs/text_cot_gem25_n100.jsonl
Our Gemini runs,CoT,24,3.3333333333333335,results/runs/text_cot_gem25_n100.jsonl
Our Gemini runs,CoT,54,8.333333333333334,results/runs/text_cot_gem25_n100.jsonl
Our Gemini runs,CoT,25,7.333333333333333,results/runs/text_cot_gem25_n100.jsonl
Our Gemini runs,CoT,85,5.666666666666667,results/runs/text_cot_gem25_n100.jsonl
Our Gemini runs,CoT,84,3.3333333333333335,results/runs/text_cot_gem25_n100.jsonl
Our Gemini runs,CoT,86,8.333333333333334,results/runs/text_cot_gem25_n100.jsonl
Our Gemini runs,CoT,26,4.666666666666667,results/runs/text_cot_gem25_n100.jsonl
Our Gemini runs,CoT,55,8.0,results/runs/text_cot_gem25_n100.jsonl
Our Gemini runs,CoT,27,10.0,results/runs/text_cot_gem25_n100.jsonl
Our Gemini runs,CoT,87,6.333333333333333,results/runs/text_cot_gem25_n100.jsonl
Our Gemini runs,CoT,28,6.333333333333333,results/runs/text_cot_gem25_n100.jsonl
Our Gemini runs,CoT,57,8.666666666666666,results/runs/text_cot_gem25_n100.jsonl
Our Gemini runs,CoT,58,6.0,results/runs/text_cot_gem25_n100.jsonl
Our Gemini runs,CoT,88,10.0,results/runs/text_cot_gem25_n100.jsonl
Our Gemini runs,CoT,56,6.666666666666667,results/runs/text_cot_gem25_n100.jsonl
Our Gemini runs,CoT,89,4.0,results/runs/text_cot_gem25_n100.jsonl
Our Gemini runs,CoT,29,3.0,results/runs/text_cot_gem25_n100.jsonl
Our Gemini runs,CoT,59,9.0,results/runs/text_cot_gem25_n100.jsonl
Our Gemini runs,CoT,30,7.0,results/runs/text_cot_gem25_n100.jsonl
Our Gemini runs,CoT,90,9.666666666666666,results/runs/text_cot_gem25_n100.jsonl
Our Gemini runs,CoT,31,8.0,results/runs/text_cot_gem25_n100.jsonl
Our Gemini runs,CoT,60,7.666666666666667,results/runs/text_cot_gem25_n100.jsonl
Our Gemini runs,CoT,0,7.333333333333333,results/runs/text_cot_gem25_n100.jsonl
Our Gemini runs,CoT,91,6.333333333333333,results/runs/text_cot_gem25_n100.jsonl
Our Gemini runs,CoT,1,3.0,results/runs/text_cot_gem25_n100.jsonl
Our Gemini runs,CoT,32,9.0,results/runs/text_cot_gem25_n100.jsonl
Our Gemini runs,CoT,92,5.666666666666667,results/runs/text_cot_gem25_n100.jsonl
Our Gemini runs,CoT,61,3.0,results/runs/text_cot_gem25_n100.jsonl
Our Gemini runs,CoT,2,5.0,results/runs/text_cot_gem25_n100.jsonl
Our Gemini runs,CoT,93,9.333333333333334,results/runs/text_cot_gem25_n100.jsonl
Our Gemini runs,CoT,33,5.333333333333333,results/runs/text_cot_gem25_n100.jsonl
Our Gemini runs,CoT,3,6.666666666666667,results/runs/text_cot_gem25_n100.jsonl
Our Gemini runs,CoT,62,4.666666666666667,results/runs/text_cot_gem25_n100.jsonl
Our Gemini runs,CoT,63,9.333333333333334,results/runs/text_cot_gem25_n100.jsonl
Our Gemini runs,CoT,4,8.0,results/runs/text_cot_gem25_n100.jsonl
Our Gemini runs,CoT,64,3.0,results/runs/text_cot_gem25_n100.jsonl
Our Gemini runs,CoT,35,9.666666666666666,results/runs/text_cot_gem25_n100.jsonl
Our Gemini runs,CoT,95,2.3333333333333335,results/runs/text_cot_gem25_n100.jsonl
Our Gemini runs,CoT,5,2.0,results/runs/text_cot_gem25_n100.jsonl
Our Gemini runs,CoT,65,8.0,results/runs/text_cot_gem25_n100.jsonl
Our Gemini runs,CoT,36,7.666666666666667,results/runs/text_cot_gem25_n100.jsonl
Our Gemini runs,CoT,83,4.666666666666667,results/runs/text_cot_gem25_n100.jsonl
Our Gemini runs,CoT,52,3.6666666666666665,results/runs/text_cot_gem25_n100.jsonl
Our Gemini runs,CoT,6,5.333333333333333,results/runs/text_cot_gem25_n100.jsonl
Our Gemini runs,CoT,37,4.0,results/runs/text_cot_gem25_n100.jsonl
Our Gemini runs,CoT,97,3.6666666666666665,results/runs/text_cot_gem25_n100.jsonl
Our Gemini runs,CoT,7,4.666666666666667,results/runs/text_cot_gem25_n100.jsonl
Our Gemini runs,CoT,67,3.6666666666666665,results/runs/text_cot_gem25_n100.jsonl
Our Gemini runs,CoT,38,5.333333333333333,results/runs/text_cot_gem25_n100.jsonl
Our Gemini runs,CoT,98,7.666666666666667,results/runs/text_cot_gem25_n100.jsonl
Our Gemini runs,CoT,8,6.333333333333333,results/runs/text_cot_gem25_n100.jsonl
Our Gemini runs,CoT,34,5.666666666666667,results/runs/text_cot_gem25_n100.jsonl
Our Gemini runs,CoT,39,8.0,results/runs/text_cot_gem25_n100.jsonl
Our Gemini runs,CoT,99,5.0,results/runs/text_cot_gem25_n100.jsonl
Our Gemini runs,CoT,9,5.666666666666667,results/runs/text_cot_gem25_n100.jsonl
Our Gemini runs,CoT,69,9.333333333333334,results/runs/text_cot_gem25_n100.jsonl
Our Gemini runs,CoT,40,8.666666666666666,results/runs/text_cot_gem25_n100.jsonl
Our Gemini runs,CoT,94,5.666666666666667,results/runs/text_cot_gem25_n100.jsonl
Our Gemini runs,CoT,70,3.0,results/runs/text_cot_gem25_n100.jsonl
Our Gemini runs,CoT,10,7.0,results/runs/text_cot_gem25_n100.jsonl
Our Gemini runs,CoT,41,5.0,results/runs/text_cot_gem25_n100.jsonl
Our Gemini runs,CoT,71,6.666666666666667,results/runs/text_cot_gem25_n100.jsonl
Our Gemini runs,CoT,11,9.0,results/runs/text_cot_gem25_n100.jsonl
Our Gemini runs,CoT,12,7.0,results/runs/text_cot_gem25_n100.jsonl
Our Gemini runs,CoT,42,10.0,results/runs/text_cot_gem25_n100.jsonl
Our Gemini runs,CoT,72,9.0,results/runs/text_cot_gem25_n100.jsonl
Our Gemini runs,CoT,43,5.0,results/runs/text_cot_gem25_n100.jsonl
Our Gemini runs,CoT,13,4.333333333333333,results/runs/text_cot_gem25_n100.jsonl
Our Gemini runs,CoT,66,9.0,results/runs/text_cot_gem25_n100.jsonl
Our Gemini runs,CoT,96,4.666666666666667,results/runs/text_cot_gem25_n100.jsonl
Our Gemini runs,CoT,73,8.333333333333334,results/runs/text_cot_gem25_n100.jsonl
Our Gemini runs,CoT,44,7.0,results/runs/text_cot_gem25_n100.jsonl
Our Gemini runs,CoT,14,5.0,results/runs/text_cot_gem25_n100.jsonl
Our Gemini runs,CoT,45,8.666666666666666,results/runs/text_cot_gem25_n100.jsonl
Our Gemini runs,CoT,15,7.666666666666667,results/runs/text_cot_gem25_n100.jsonl
Our Gemini runs,CoT,46,7.666666666666667,results/runs/text_cot_gem25_n100.jsonl
Our Gemini runs,CoT,75,8.0,results/runs/text_cot_gem25_n100.jsonl
Our Gemini runs,CoT,16,3.6666666666666665,results/runs/text_cot_gem25_n100.jsonl
Our Gemini runs,CoT,76,9.666666666666666,results/runs/text_cot_gem25_n100.jsonl
Our Gemini runs,CoT,68,9.666666666666666,results/runs/text_cot_gem25_n100.jsonl
Our Gemini runs,CoT,17,6.0,results/runs/text_cot_gem25_n100.jsonl
Our Gemini runs,CoT,48,10.0,results/runs/text_cot_gem25_n100.jsonl
Our Gemini runs,CoT,77,9.666666666666666,results/runs/text_cot_gem25_n100.jsonl
Our Gemini runs,CoT,78,6.0,results/runs/text_cot_gem25_n100.jsonl
Our Gemini runs,CoT,18,7.0,results/runs/text_cot_gem25_n100.jsonl
Our Gemini runs,CoT,47,5.666666666666667,results/runs/text_cot_gem25_n100.jsonl
Our Gemini runs,CoT,74,3.6666666666666665,results/runs/text_cot_gem25_n100.jsonl
Our Gemini runs,ToT,81,8.666666666666666,results/runs/text_tot_gem25_n100.jsonl
Our Gemini runs,ToT,80,4.666666666666667,results/runs/text_tot_gem25_n100.jsonl
Our Gemini runs,ToT,20,6.333333333333333,results/runs/text_tot_gem25_n100.jsonl
Our Gemini runs,ToT,50,9.333333333333334,results/runs/text_tot_gem25_n100.jsonl
Our Gemini runs,ToT,21,5.666666666666667,results/runs/text_tot_gem25_n100.jsonl
Our Gemini runs,ToT,51,8.333333333333334,results/runs/text_tot_gem25_n100.jsonl
Our Gemini runs,ToT,82,5.333333333333333,results/runs/text_tot_gem25_n100.jsonl
Our Gemini runs,ToT,23,5.666666666666667,results/runs/text_tot_gem25_n100.jsonl
Our Gemini runs,ToT,52,5.0,results/runs/text_tot_gem25_n100.jsonl
Our Gemini runs,ToT,22,6.0,results/runs/text_tot_gem25_n100.jsonl
Our Gemini runs,ToT,24,7.0,results/runs/text_tot_gem25_n100.jsonl
Our Gemini runs,ToT,83,7.0,results/runs/text_tot_gem25_n100.jsonl
Our Gemini runs,ToT,53,6.333333333333333,results/runs/text_tot_gem25_n100.jsonl
Our Gemini runs,ToT,84,5.666666666666667,results/runs/text_tot_gem25_n100.jsonl
Our Gemini runs,ToT,54,8.0,results/runs/text_tot_gem25_n100.jsonl
Our Gemini runs,ToT,25,8.333333333333334,results/runs/text_tot_gem25_n100.jsonl
Our Gemini runs,ToT,55,8.666666666666666,results/runs/text_tot_gem25_n100.jsonl
Our Gemini runs,ToT,26,10.0,results/runs/text_tot_gem25_n100.jsonl
Our Gemini runs,ToT,85,8.333333333333334,results/runs/text_tot_gem25_n100.jsonl
Our Gemini runs,ToT,86,9.666666666666666,results/runs/text_tot_gem25_n100.jsonl
Our Gemini runs,ToT,56,4.0,results/runs/text_tot_gem25_n100.jsonl
Our Gemini runs,ToT,27,10.0,results/runs/text_tot_gem25_n100.jsonl
Our Gemini runs,ToT,28,8.666666666666666,results/runs/text_tot_gem25_n100.jsonl
Our Gemini runs,ToT,87,3.6666666666666665,results/runs/text_tot_gem25_n100.jsonl
Our Gemini runs,ToT,88,10.0,results/runs/text_tot_gem25_n100.jsonl
Our Gemini runs,ToT,57,9.666666666666666,results/runs/text_tot_gem25_n100.jsonl
Our Gemini runs,ToT,30,5.666666666666667,results/runs/text_tot_gem25_n100.jsonl
Our Gemini runs,ToT,29,3.6666666666666665,results/runs/text_tot_gem25_n100.jsonl
Our Gemini runs,ToT,89,3.0,results/runs/text_tot_gem25_n100.jsonl
Our Gemini runs,ToT,58,6.333333333333333,results/runs/text_tot_gem25_n100.jsonl
Our Gemini runs,ToT,90,10.0,results/runs/text_tot_gem25_n100.jsonl
Our Gemini runs,ToT,0,7.666666666666667,results/runs/text_tot_gem25_n100.jsonl
Our Gemini runs,ToT,60,4.666666666666667,results/runs/text_tot_gem25_n100.jsonl
Our Gemini runs,ToT,31,6.0,results/runs/text_tot_gem25_n100.jsonl
Our Gemini runs,ToT,59,9.666666666666666,results/runs/text_tot_gem25_n100.jsonl
Our Gemini runs,ToT,1,3.0,results/runs/text_tot_gem25_n100.jsonl
Our Gemini runs,ToT,91,3.3333333333333335,results/runs/text_tot_gem25_n100.jsonl
Our Gemini runs,ToT,92,5.333333333333333,results/runs/text_tot_gem25_n100.jsonl
Our Gemini runs,ToT,61,2.6666666666666665,results/runs/text_tot_gem25_n100.jsonl
Our Gemini runs,ToT,62,9.333333333333334,results/runs/text_tot_gem25_n100.jsonl
Our Gemini runs,ToT,32,8.333333333333334,results/runs/text_tot_gem25_n100.jsonl
Our Gemini runs,ToT,2,4.333333333333333,results/runs/text_tot_gem25_n100.jsonl
Our Gemini runs,ToT,33,3.6666666666666665,results/runs/text_tot_gem25_n100.jsonl
Our Gemini runs,ToT,34,6.666666666666667,results/runs/text_tot_gem25_n100.jsonl
Our Gemini runs,ToT,3,10.0,results/runs/text_tot_gem25_n100.jsonl
Our Gemini runs,ToT,93,7.0,results/runs/text_tot_gem25_n100.jsonl
Our Gemini runs,ToT,63,9.333333333333334,results/runs/text_tot_gem25_n100.jsonl
Our Gemini runs,ToT,4,8.0,results/runs/text_tot_gem25_n100.jsonl
Our Gemini runs,ToT,94,5.666666666666667,results/runs/text_tot_gem25_n100.jsonl
Our Gemini runs,ToT,35,10.0,results/runs/text_tot_gem25_n100.jsonl
Our Gemini runs,ToT,95,3.6666666666666665,results/runs/text_tot_gem25_n100.jsonl
Our Gemini runs,ToT,64,6.333333333333333,results/runs/text_tot_gem25_n100.jsonl
Our Gemini runs,ToT,36,9.666666666666666,results/runs/text_tot_gem25_n100.jsonl
Our Gemini runs,ToT,5,4.666666666666667,results/runs/text_tot_gem25_n100.jsonl
Our Gemini runs,ToT,65,6.0,results/runs/text_tot_gem25_n100.jsonl
Our Gemini runs,ToT,96,6.333333333333333,results/runs/text_tot_gem25_n100.jsonl
Our Gemini runs,ToT,6,4.0,results/runs/text_tot_gem25_n100.jsonl
Our Gemini runs,ToT,66,5.0,results/runs/text_tot_gem25_n100.jsonl
Our Gemini runs,ToT,7,5.666666666666667,results/runs/text_tot_gem25_n100.jsonl
Our Gemini runs,ToT,97,4.0,results/runs/text_tot_gem25_n100.jsonl
Our Gemini runs,ToT,37,4.333333333333333,results/runs/text_tot_gem25_n100.jsonl
Our Gemini runs,ToT,67,8.333333333333334,results/runs/text_tot_gem25_n100.jsonl
Our Gemini runs,ToT,38,4.333333333333333,results/runs/text_tot_gem25_n100.jsonl
Our Gemini runs,ToT,98,8.0,results/runs/text_tot_gem25_n100.jsonl
Our Gemini runs,ToT,68,7.666666666666667,results/runs/text_tot_gem25_n100.jsonl
Our Gemini runs,ToT,39,6.333333333333333,results/runs/text_tot_gem25_n100.jsonl
Our Gemini runs,ToT,8,6.333333333333333,results/runs/text_tot_gem25_n100.jsonl
Our Gemini runs,ToT,99,9.0,results/runs/text_tot_gem25_n100.jsonl
Our Gemini runs,ToT,40,8.666666666666666,results/runs/text_tot_gem25_n100.jsonl
Our Gemini runs,ToT,10,6.333333333333333,results/runs/text_tot_gem25_n100.jsonl
Our Gemini runs,ToT,69,10.0,results/runs/text_tot_gem25_n100.jsonl
Our Gemini runs,ToT,9,7.0,results/runs/text_tot_gem25_n100.jsonl
Our Gemini runs,ToT,70,3.3333333333333335,results/runs/text_tot_gem25_n100.jsonl
Our Gemini runs,ToT,42,8.666666666666666,results/runs/text_tot_gem25_n100.jsonl
Our Gemini runs,ToT,41,9.333333333333334,results/runs/text_tot_gem25_n100.jsonl
Our Gemini runs,ToT,71,6.333333333333333,results/runs/text_tot_gem25_n100.jsonl
Our Gemini runs,ToT,11,9.666666666666666,results/runs/text_tot_gem25_n100.jsonl
Our Gemini runs,ToT,72,9.0,results/runs/text_tot_gem25_n100.jsonl
Our Gemini runs,ToT,12,9.333333333333334,results/runs/text_tot_gem25_n100.jsonl
Our Gemini runs,ToT,43,3.6666666666666665,results/runs/text_tot_gem25_n100.jsonl
Our Gemini runs,ToT,13,7.0,results/runs/text_tot_gem25_n100.jsonl
Our Gemini runs,ToT,73,6.0,results/runs/text_tot_gem25_n100.jsonl
Our Gemini runs,ToT,44,8.0,results/runs/text_tot_gem25_n100.jsonl
Our Gemini runs,ToT,74,4.666666666666667,results/runs/text_tot_gem25_n100.jsonl
Our Gemini runs,ToT,45,8.333333333333334,results/runs/text_tot_gem25_n100.jsonl
Our Gemini runs,ToT,14,8.333333333333334,results/runs/text_tot_gem25_n100.jsonl
Our Gemini runs,ToT,75,9.333333333333334,results/runs/text_tot_gem25_n100.jsonl
Our Gemini runs,ToT,15,9.666666666666666,results/runs/text_tot_gem25_n100.jsonl
Our Gemini runs,ToT,16,6.666666666666667,results/runs/text_tot_gem25_n100.jsonl
Our Gemini runs,ToT,76,9.333333333333334,results/runs/text_tot_gem25_n100.jsonl
Our Gemini runs,ToT,47,9.333333333333334,results/runs/text_tot_gem25_n100.jsonl
Our Gemini runs,ToT,17,8.333333333333334,results/runs/text_tot_gem25_n100.jsonl
Our Gemini runs,ToT,48,9.0,results/runs/text_tot_gem25_n100.jsonl
Our Gemini runs,ToT,18,7.333333333333333,results/runs/text_tot_gem25_n100.jsonl
Our Gemini runs,ToT,77,8.666666666666666,results/runs/text_tot_gem25_n100.jsonl
Our Gemini runs,ToT,78,6.666666666666667,results/runs/text_tot_gem25_n100.jsonl
Our Gemini runs,ToT,46,6.666666666666667,results/runs/text_tot_gem25_n100.jsonl
Our Gemini runs,ToT,49,5.333333333333333,results/runs/text_tot_gem25_n100.jsonl
Our Gemini runs,ToT,79,3.3333333333333335,results/runs/text_tot_gem25_n100.jsonl
Our Gemini runs,ToT,19,7.666666666666667,results/runs/text_tot_gem25_n100.jsonl
Our Gemini runs,IO+Refine,72,8.333333333333334,results/refined/text_io_gem25_n100_refine.jsonl
Our Gemini runs,IO+Refine,25,6.666666666666667,results/refined/text_io_gem25_n100_refine.jsonl
Our Gemini runs,IO+Refine,94,3.3333333333333335,results/refined/text_io_gem25_n100_refine.jsonl
Our Gemini runs,IO+Refine,81,4.666666666666667,results/refined/text_io_gem25_n100_refine.jsonl
Our Gemini runs,IO+Refine,64,7.666666666666667,results/refined/text_io_gem25_n100_refine.jsonl
Our Gemini runs,IO+Refine,43,6.666666666666667,results/refined/text_io_gem25_n100_refine.jsonl
Our Gemini runs,IO+Refine,86,6.666666666666667,results/refined/text_io_gem25_n100_refine.jsonl
Our Gemini runs,IO+Refine,35,3.3333333333333335,results/refined/text_io_gem25_n100_refine.jsonl
Our Gemini runs,IO+Refine,4,8.666666666666666,results/refined/text_io_gem25_n100_refine.jsonl
Our Gemini runs,IO+Refine,56,3.3333333333333335,results/refined/text_io_gem25_n100_refine.jsonl
Our Gemini runs,IO+Refine,95,3.6666666666666665,results/refined/text_io_gem25_n100_refine.jsonl
Our Gemini runs,IO+Refine,73,9.0,results/refined/text_io_gem25_n100_refine.jsonl
Our Gemini runs,IO+Refine,44,9.0,results/refined/text_io_gem25_n100_refine.jsonl
Our Gemini runs,IO+Refine,27,9.333333333333334,results/refined/text_io_gem25_n100_refine.jsonl
Our Gemini runs,IO+Refine,5,3.3333333333333335,results/refined/text_io_gem25_n100_refine.jsonl
Our Gemini runs,IO+Refine,14,9.0,results/refined/text_io_gem25_n100_refine.jsonl
Our Gemini runs,IO+Refine,55,7.333333333333333,results/refined/text_io_gem25_n100_refine.jsonl
Our Gemini runs,IO+Refine,65,4.333333333333333,results/refined/text_io_gem25_n100_refine.jsonl
Our Gemini runs,IO+Refine,13,5.666666666666667,results/refined/text_io_gem25_n100_refine.jsonl
Our Gemini runs,IO+Refine,36,9.666666666666666,results/refined/text_io_gem25_n100_refine.jsonl
Our Gemini runs,IO+Refine,57,6.333333333333333,results/refined/text_io_gem25_n100_refine.jsonl
Our Gemini runs,IO+Refine,45,7.0,results/refined/text_io_gem25_n100_refine.jsonl
Our Gemini runs,IO+Refine,91,4.333333333333333,results/refined/text_io_gem25_n100_refine.jsonl
Our Gemini runs,IO+Refine,28,8.0,results/refined/text_io_gem25_n100_refine.jsonl
Our Gemini runs,IO+Refine,74,3.0,results/refined/text_io_gem25_n100_refine.jsonl
Our Gemini runs,IO+Refine,6,5.666666666666667,results/refined/text_io_gem25_n100_refine.jsonl
Our Gemini runs,IO+Refine,88,7.333333333333333,results/refined/text_io_gem25_n100_refine.jsonl
Our Gemini runs,IO+Refine,96,6.0,results/refined/text_io_gem25_n100_refine.jsonl
Our Gemini runs,IO+Refine,66,8.333333333333334,results/refined/text_io_gem25_n100_refine.jsonl
Our Gemini runs,IO+Refine,87,8.333333333333334,results/refined/text_io_gem25_n100_refine.jsonl
Our Gemini runs,IO+Refine,15,9.0,results/refined/text_io_gem25_n100_refine.jsonl
Our Gemini runs,IO+Refine,37,3.6666666666666665,results/refined/text_io_gem25_n100_refine.jsonl
Our Gemini runs,IO+Refine,89,3.0,results/refined/text_io_gem25_n100_refine.jsonl
Our Gemini runs,IO+Refine,16,6.333333333333333,results/refined/text_io_gem25_n100_refine.jsonl
Our Gemini runs,IO+Refine,26,5.333333333333333,results/refined/text_io_gem25_n100_refine.jsonl
Our Gemini runs,IO+Refine,30,6.0,results/refined/text_io_gem25_n100_refine.jsonl
Our Gemini runs,IO+Refine,46,9.333333333333334,results/refined/text_io_gem25_n100_refine.jsonl
Our Gemini runs,IO+Refine,85,7.333333333333333,results/refined/text_io_gem25_n100_refine.jsonl
Our Gemini runs,IO+Refine,29,3.3333333333333335,results/refined/text_io_gem25_n100_refine.jsonl
Our Gemini runs,IO+Refine,75,9.666666666666666,results/refined/text_io_gem25_n100_refine.jsonl
Our Gemini runs,IO+Refine,49,6.666666666666667,results/refined/text_io_gem25_n100_refine.jsonl
Our Gemini runs,IO+Refine,97,5.333333333333333,results/refined/text_io_gem25_n100_refine.jsonl
Our Gemini runs,IO+Refine,7,9.666666666666666,results/refined/text_io_gem25_n100_refine.jsonl
Our Gemini runs,IO+Refine,47,8.0,results/refined/text_io_gem25_n100_refine.jsonl
Our Gemini runs,IO+Refine,58,8.666666666666666,results/refined/text_io_gem25_n100_refine.jsonl
Our Gemini runs,IO+Refine,20,5.666666666666667,results/refined/text_io_gem25_n100_refine.jsonl
Our Gemini runs,IO+Refine,90,9.333333333333334,results/refined/text_io_gem25_n100_refine.jsonl
Our Gemini runs,IO+Refine,38,3.3333333333333335,results/refined/text_io_gem25_n100_refine.jsonl
Our Gemini runs,IO+Refine,80,4.333333333333333,results/refined/text_io_gem25_n100_refine.jsonl
Our Gemini runs,IO+Refine,17,6.333333333333333,results/refined/text_io_gem25_n100_refine.jsonl
Our Gemini runs,IO+Refine,67,7.333333333333333,results/refined/text_io_gem25_n100_refine.jsonl
Our Gemini runs,IO+Refine,48,6.666666666666667,results/refined/text_io_gem25_n100_refine.jsonl
Our Gemini runs,IO+Refine,59,9.0,results/refined/text_io_gem25_n100_refine.jsonl
Our Gemini runs,IO+Refine,79,4.333333333333333,results/refined/text_io_gem25_n100_refine.jsonl
Our Gemini runs,IO+Refine,98,7.666666666666667,results/refined/text_io_gem25_n100_refine.jsonl
Our Gemini runs,IO+Refine,60,10.0,results/refined/text_io_gem25_n100_refine.jsonl
Our Gemini runs,IO+Refine,19,4.666666666666667,results/refined/text_io_gem25_n100_refine.jsonl
Our Gemini runs,IO+Refine,8,7.666666666666667,results/refined/text_io_gem25_n100_refine.jsonl
Our Gemini runs,IO+Refine,31,6.666666666666667,results/refined/text_io_gem25_n100_refine.jsonl
Our Gemini runs,IO+Refine,78,8.666666666666666,results/refined/text_io_gem25_n100_refine.jsonl
Our Gemini runs,IO+Refine,50,7.333333333333333,results/refined/text_io_gem25_n100_refine.jsonl
Our Gemini runs,IO+Refine,39,8.333333333333334,results/refined/text_io_gem25_n100_refine.jsonl
Our Gemini runs,IO+Refine,18,4.0,results/refined/text_io_gem25_n100_refine.jsonl
Our Gemini runs,IO+Refine,68,8.0,results/refined/text_io_gem25_n100_refine.jsonl
Our Gemini runs,IO+Refine,0,7.333333333333333,results/refined/text_io_gem25_n100_refine.jsonl
Our Gemini runs,IO+Refine,51,8.0,results/refined/text_io_gem25_n100_refine.jsonl
Our Gemini runs,IO+Refine,99,10.0,results/refined/text_io_gem25_n100_refine.jsonl
Our Gemini runs,IO+Refine,61,4.666666666666667,results/refined/text_io_gem25_n100_refine.jsonl
Our Gemini runs,IO+Refine,22,4.0,results/refined/text_io_gem25_n100_refine.jsonl
Our Gemini runs,IO+Refine,10,7.333333333333333,results/refined/text_io_gem25_n100_refine.jsonl
Our Gemini runs,IO+Refine,1,3.6666666666666665,results/refined/text_io_gem25_n100_refine.jsonl
Our Gemini runs,IO+Refine,9,8.666666666666666,results/refined/text_io_gem25_n100_refine.jsonl
Our Gemini runs,IO+Refine,76,6.333333333333333,results/refined/text_io_gem25_n100_refine.jsonl
Our Gemini runs,IO+Refine,69,10.0,results/refined/text_io_gem25_n100_refine.jsonl
Our Gemini runs,IO+Refine,21,9.666666666666666,results/refined/text_io_gem25_n100_refine.jsonl
Our Gemini runs,IO+Refine,77,9.333333333333334,results/refined/text_io_gem25_n100_refine.jsonl
Our Gemini runs,IO+Refine,32,4.666666666666667,results/refined/text_io_gem25_n100_refine.jsonl
Our Gemini runs,IO+Refine,40,8.666666666666666,results/refined/text_io_gem25_n100_refine.jsonl
Our Gemini runs,IO+Refine,52,2.3333333333333335,results/refined/text_io_gem25_n100_refine.jsonl
Our Gemini runs,IO+Refine,62,5.0,results/refined/text_io_gem25_n100_refine.jsonl
Our Gemini runs,IO+Refine,83,2.6666666666666665,results/refined/text_io_gem25_n100_refine.jsonl
Our Gemini runs,IO+Refine,92,4.666666666666667,results/refined/text_io_gem25_n100_refine.jsonl
Our Gemini runs,IO+Refine,2,9.333333333333334,results/refined/text_io_gem25_n100_refine.jsonl
Our Gemini runs,IO+Refine,70,3.0,results/refined/text_io_gem25_n100_refine.jsonl
Our Gemini runs,IO+Refine,23,6.666666666666667,results/refined/text_io_gem25_n100_refine.jsonl
Our Gemini runs,IO+Refine,24,4.333333333333333,results/refined/text_io_gem25_n100_refine.jsonl
Our Gemini runs,IO+Refine,93,9.333333333333334,results/refined/text_io_gem25_n100_refine.jsonl
Our Gemini runs,IO+Refine,41,7.333333333333333,results/refined/text_io_gem25_n100_refine.jsonl
Our Gemini runs,IO+Refine,33,7.666666666666667,results/refined/text_io_gem25_n100_refine.jsonl
Our Gemini runs,IO+Refine,82,5.666666666666667,results/refined/text_io_gem25_n100_refine.jsonl
Our Gemini runs,IO+Refine,3,4.0,results/refined/text_io_gem25_n100_refine.jsonl
Our Gemini runs,IO+Refine,71,7.0,results/refined/text_io_gem25_n100_refine.jsonl
Our Gemini runs,IO+Refine,11,8.666666666666666,results/refined/text_io_gem25_n100_refine.jsonl
Our Gemini runs,IO+Refine,84,6.0,results/refined/text_io_gem25_n100_refine.jsonl
Our Gemini runs,IO+Refine,63,7.0,results/refined/text_io_gem25_n100_refine.jsonl
Our Gemini runs,IO+Refine,42,10.0,results/refined/text_io_gem25_n100_refine.jsonl
Our Gemini runs,IO+Refine,34,7.666666666666667,results/refined/text_io_gem25_n100_refine.jsonl
Our Gemini runs,IO+Refine,54,6.0,results/refined/text_io_gem25_n100_refine.jsonl
Our Gemini runs,IO+Refine,12,7.666666666666667,results/refined/text_io_gem25_n100_refine.jsonl
Our Gemini runs,IO+Refine,53,5.333333333333333,results/refined/text_io_gem25_n100_refine.jsonl
Our Gemini runs,CoT+Refine,74,5.666666666666667,results/refined/text_cot_gem25_n100_refine.jsonl
Our Gemini runs,CoT+Refine,29,4.333333333333333,results/refined/text_cot_gem25_n100_refine.jsonl
Our Gemini runs,CoT+Refine,92,7.0,results/refined/text_cot_gem25_n100_refine.jsonl
Our Gemini runs,CoT+Refine,19,6.333333333333333,results/refined/text_cot_gem25_n100_refine.jsonl
Our Gemini runs,CoT+Refine,65,7.333333333333333,results/refined/text_cot_gem25_n100_refine.jsonl
Our Gemini runs,CoT+Refine,93,9.0,results/refined/text_cot_gem25_n100_refine.jsonl
Our Gemini runs,CoT+Refine,52,3.3333333333333335,results/refined/text_cot_gem25_n100_refine.jsonl
Our Gemini runs,CoT+Refine,62,6.333333333333333,results/refined/text_cot_gem25_n100_refine.jsonl
Our Gemini runs,CoT+Refine,36,7.333333333333333,results/refined/text_cot_gem25_n100_refine.jsonl
Our Gemini runs,CoT+Refine,56,7.333333333333333,results/refined/text_cot_gem25_n100_refine.jsonl
Our Gemini runs,CoT+Refine,95,2.3333333333333335,results/refined/text_cot_gem25_n100_refine.jsonl
Our Gemini runs,CoT+Refine,47,6.333333333333333,results/refined/text_cot_gem25_n100_refine.jsonl
Our Gemini runs,CoT+Refine,3,6.666666666666667,results/refined/text_cot_gem25_n100_refine.jsonl
Our Gemini runs,CoT+Refine,5,2.0,results/refined/text_cot_gem25_n100_refine.jsonl
Our Gemini runs,CoT+Refine,33,6.0,results/refined/text_cot_gem25_n100_refine.jsonl
Our Gemini runs,CoT+Refine,76,8.666666666666666,results/refined/text_cot_gem25_n100_refine.jsonl
Our Gemini runs,CoT+Refine,22,2.0,results/refined/text_cot_gem25_n100_refine.jsonl
Our Gemini runs,CoT+Refine,51,8.333333333333334,results/refined/text_cot_gem25_n100_refine.jsonl
Our Gemini runs,CoT+Refine,63,9.0,results/refined/text_cot_gem25_n100_refine.jsonl
Our Gemini runs,CoT+Refine,18,5.333333333333333,results/refined/text_cot_gem25_n100_refine.jsonl
Our Gemini runs,CoT+Refine,78,5.333333333333333,results/refined/text_cot_gem25_n100_refine.jsonl
Our Gemini runs,CoT+Refine,0,7.0,results/refined/text_cot_gem25_n100_refine.jsonl
Our Gemini runs,CoT+Refine,32,8.666666666666666,results/refined/text_cot_gem25_n100_refine.jsonl
Our Gemini runs,CoT+Refine,2,6.666666666666667,results/refined/text_cot_gem25_n100_refine.jsonl
Our Gemini runs,CoT+Refine,77,10.0,results/refined/text_cot_gem25_n100_refine.jsonl
Our Gemini runs,CoT+Refine,30,5.333333333333333,results/refined/text_cot_gem25_n100_refine.jsonl
Our Gemini runs,CoT+Refine,4,9.0,results/refined/text_cot_gem25_n100_refine.jsonl
Our Gemini runs,CoT+Refine,48,10.0,results/refined/text_cot_gem25_n100_refine.jsonl
Our Gemini runs,CoT+Refine,35,9.333333333333334,results/refined/text_cot_gem25_n100_refine.jsonl
Our Gemini runs,CoT+Refine,53,7.0,results/refined/text_cot_gem25_n100_refine.jsonl
Our Gemini runs,CoT+Refine,64,4.333333333333333,results/refined/text_cot_gem25_n100_refine.jsonl
Our Gemini runs,CoT+Refine,28,9.333333333333334,results/refined/text_cot_gem25_n100_refine.jsonl
Our Gemini runs,CoT+Refine,68,10.0,results/refined/text_cot_gem25_n100_refine.jsonl
Our Gemini runs,CoT+Refine,61,3.6666666666666665,results/refined/text_cot_gem25_n100_refine.jsonl
Our Gemini runs,CoT+Refine,58,7.333333333333333,results/refined/text_cot_gem25_n100_refine.jsonl
Our Gemini runs,CoT+Refine,16,4.0,results/refined/text_cot_gem25_n100_refine.jsonl
Our Gemini runs,CoT+Refine,89,4.333333333333333,results/refined/text_cot_gem25_n100_refine.jsonl
Our Gemini runs,CoT+Refine,17,7.333333333333333,results/refined/text_cot_gem25_n100_refine.jsonl
Our Gemini runs,CoT+Refine,75,7.0,results/refined/text_cot_gem25_n100_refine.jsonl
Our Gemini runs,CoT+Refine,46,7.0,results/refined/text_cot_gem25_n100_refine.jsonl
Our Gemini runs,CoT+Refine,79,7.0,results/refined/text_cot_gem25_n100_refine.jsonl
Our Gemini runs,CoT+Refine,15,8.666666666666666,results/refined/text_cot_gem25_n100_refine.jsonl
Our Gemini runs,CoT+Refine,50,5.666666666666667,results/refined/text_cot_gem25_n100_refine.jsonl
Our Gemini runs,CoT+Refine,45,9.333333333333334,results/refined/text_cot_gem25_n100_refine.jsonl
Our Gemini runs,CoT+Refine,31,7.333333333333333,results/refined/text_cot_gem25_n100_refine.jsonl
Our Gemini runs,CoT+Refine,60,7.0,results/refined/text_cot_gem25_n100_refine.jsonl
Our Gemini runs,CoT+Refine,90,10.0,results/refined/text_cot_gem25_n100_refine.jsonl
Our Gemini runs,CoT+Refine,14,4.666666666666667,results/refined/text_cot_gem25_n100_refine.jsonl
Our Gemini runs,CoT+Refine,44,9.666666666666666,results/refined/text_cot_gem25_n100_refine.jsonl
Our Gemini runs,CoT+Refine,26,5.0,results/refined/text_cot_gem25_n100_refine.jsonl
Our Gemini runs,CoT+Refine,73,9.0,results/refined/text_cot_gem25_n100_refine.jsonl
Our Gemini runs,CoT+Refine,20,5.666666666666667,results/refined/text_cot_gem25_n100_refine.jsonl
Our Gemini runs,CoT+Refine,96,6.333333333333333,results/refined/text_cot_gem25_n100_refine.jsonl
Our Gemini runs,CoT+Refine,57,9.0,results/refined/text_cot_gem25_n100_refine.jsonl
Our Gemini runs,CoT+Refine,66,9.333333333333334,results/refined/text_cot_gem25_n100_refine.jsonl
Our Gemini runs,CoT+Refine,27,10.0,results/refined/text_cot_gem25_n100_refine.jsonl
Our Gemini runs,CoT+Refine,13,6.666666666666667,results/refined/text_cot_gem25_n100_refine.jsonl
Our Gemini runs,CoT+Refine,21,9.333333333333334,results/refined/text_cot_gem25_n100_refine.jsonl
Our Gemini runs,CoT+Refine,59,8.333333333333334,results/refined/text_cot_gem25_n100_refine.jsonl
Our Gemini runs,CoT+Refine,43,5.333333333333333,results/refined/text_cot_gem25_n100_refine.jsonl
Our Gemini runs,CoT+Refine,72,9.333333333333334,results/refined/text_cot_gem25_n100_refine.jsonl
Our Gemini runs,CoT+Refine,42,10.0,results/refined/text_cot_gem25_n100_refine.jsonl
Our Gemini runs,CoT+Refine,55,6.666666666666667,results/refined/text_cot_gem25_n100_refine.jsonl
Our Gemini runs,CoT+Refine,88,9.0,results/refined/text_cot_gem25_n100_refine.jsonl
Our Gemini runs,CoT+Refine,12,9.0,results/refined/text_cot_gem25_n100_refine.jsonl
Our Gemini runs,CoT+Refine,85,6.333333333333333,results/refined/text_cot_gem25_n100_refine.jsonl
Our Gemini runs,CoT+Refine,11,9.0,results/refined/text_cot_gem25_n100_refine.jsonl
Our Gemini runs,CoT+Refine,82,4.333333333333333,results/refined/text_cot_gem25_n100_refine.jsonl
Our Gemini runs,CoT+Refine,87,8.333333333333334,results/refined/text_cot_gem25_n100_refine.jsonl
Our Gemini runs,CoT+Refine,71,7.333333333333333,results/refined/text_cot_gem25_n100_refine.jsonl
Our Gemini runs,CoT+Refine,10,10.0,results/refined/text_cot_gem25_n100_refine.jsonl
Our Gemini runs,CoT+Refine,41,7.333333333333333,results/refined/text_cot_gem25_n100_refine.jsonl
Our Gemini runs,CoT+Refine,23,4.0,results/refined/text_cot_gem25_n100_refine.jsonl
Our Gemini runs,CoT+Refine,70,3.0,results/refined/text_cot_gem25_n100_refine.jsonl
Our Gemini runs,CoT+Refine,54,10.0,results/refined/text_cot_gem25_n100_refine.jsonl
Our Gemini runs,CoT+Refine,1,3.6666666666666665,results/refined/text_cot_gem25_n100_refine.jsonl
Our Gemini runs,CoT+Refine,94,5.333333333333333,results/refined/text_cot_gem25_n100_refine.jsonl
Our Gemini runs,CoT+Refine,24,3.6666666666666665,results/refined/text_cot_gem25_n100_refine.jsonl
Our Gemini runs,CoT+Refine,6,5.666666666666667,results/refined/text_cot_gem25_n100_refine.jsonl
Our Gemini runs,CoT+Refine,40,8.666666666666666,results/refined/text_cot_gem25_n100_refine.jsonl
Our Gemini runs,CoT+Refine,81,9.333333333333334,results/refined/text_cot_gem25_n100_refine.jsonl
Our Gemini runs,CoT+Refine,9,5.666666666666667,results/refined/text_cot_gem25_n100_refine.jsonl
Our Gemini runs,CoT+Refine,69,10.0,results/refined/text_cot_gem25_n100_refine.jsonl
Our Gemini runs,CoT+Refine,39,7.333333333333333,results/refined/text_cot_gem25_n100_refine.jsonl
Our Gemini runs,CoT+Refine,83,3.6666666666666665,results/refined/text_cot_gem25_n100_refine.jsonl
Our Gemini runs,CoT+Refine,84,5.0,results/refined/text_cot_gem25_n100_refine.jsonl
Our Gemini runs,CoT+Refine,99,7.0,results/refined/text_cot_gem25_n100_refine.jsonl
Our Gemini runs,CoT+Refine,86,8.333333333333334,results/refined/text_cot_gem25_n100_refine.jsonl
Our Gemini runs,CoT+Refine,34,6.0,results/refined/text_cot_gem25_n100_refine.jsonl
Our Gemini runs,CoT+Refine,8,5.333333333333333,results/refined/text_cot_gem25_n100_refine.jsonl
Our Gemini runs,CoT+Refine,91,5.0,results/refined/text_cot_gem25_n100_refine.jsonl
Our Gemini runs,CoT+Refine,80,6.0,results/refined/text_cot_gem25_n100_refine.jsonl
Our Gemini runs,CoT+Refine,98,9.0,results/refined/text_cot_gem25_n100_refine.jsonl
Our Gemini runs,CoT+Refine,38,5.0,results/refined/text_cot_gem25_n100_refine.jsonl
Our Gemini runs,CoT+Refine,67,3.0,results/refined/text_cot_gem25_n100_refine.jsonl
Our Gemini runs,CoT+Refine,25,6.666666666666667,results/refined/text_cot_gem25_n100_refine.jsonl
Our Gemini runs,CoT+Refine,97,3.6666666666666665,results/refined/text_cot_gem25_n100_refine.jsonl
Our Gemini runs,CoT+Refine,7,5.0,results/refined/text_cot_gem25_n100_refine.jsonl
Our Gemini runs,CoT+Refine,37,8.666666666666666,results/refined/text_cot_gem25_n100_refine.jsonl
Our Gemini runs,CoT+Refine,49,5.333333333333333,results/refined/text_cot_gem25_n100_refine.jsonl
Our Gemini runs,ToT+Refine,60,5.333333333333333,results/refined/text_tot_gem25_n100_refine.jsonl
Our Gemini runs,ToT+Refine,19,6.666666666666667,results/refined/text_tot_gem25_n100_refine.jsonl
Our Gemini runs,ToT+Refine,36,9.333333333333334,results/refined/text_tot_gem25_n100_refine.jsonl
Our Gemini runs,ToT+Refine,94,6.666666666666667,results/refined/text_tot_gem25_n100_refine.jsonl
Our Gemini runs,ToT+Refine,50,8.0,results/refined/text_tot_gem25_n100_refine.jsonl
Our Gemini runs,ToT+Refine,34,6.0,results/refined/text_tot_gem25_n100_refine.jsonl
Our Gemini runs,ToT+Refine,5,4.0,results/refined/text_tot_gem25_n100_refine.jsonl
Our Gemini runs,ToT+Refine,79,3.3333333333333335,results/refined/text_tot_gem25_n100_refine.jsonl
Our Gemini runs,ToT+Refine,33,3.0,results/refined/text_tot_gem25_n100_refine.jsonl
Our Gemini runs,ToT+Refine,0,7.333333333333333,results/refined/text_tot_gem25_n100_refine.jsonl
Our Gemini runs,ToT+Refine,78,6.666666666666667,results/refined/text_tot_gem25_n100_refine.jsonl
Our Gemini runs,ToT+Refine,27,9.666666666666666,results/refined/text_tot_gem25_n100_refine.jsonl
Our Gemini runs,ToT+Refine,3,8.0,results/refined/text_tot_gem25_n100_refine.jsonl
Our Gemini runs,ToT+Refine,96,8.333333333333334,results/refined/text_tot_gem25_n100_refine.jsonl
Our Gemini runs,ToT+Refine,49,6.666666666666667,results/refined/text_tot_gem25_n100_refine.jsonl
Our Gemini runs,ToT+Refine,90,9.333333333333334,results/refined/text_tot_gem25_n100_refine.jsonl
Our Gemini runs,ToT+Refine,64,6.666666666666667,results/refined/text_tot_gem25_n100_refine.jsonl
Our Gemini runs,ToT+Refine,95,4.333333333333333,results/refined/text_tot_gem25_n100_refine.jsonl
Our Gemini runs,ToT+Refine,18,9.333333333333334,results/refined/text_tot_gem25_n100_refine.jsonl
Our Gemini runs,ToT+Refine,65,9.666666666666666,results/refined/text_tot_gem25_n100_refine.jsonl
Our Gemini runs,ToT+Refine,2,8.0,results/refined/text_tot_gem25_n100_refine.jsonl
Our Gemini runs,ToT+Refine,35,10.0,results/refined/text_tot_gem25_n100_refine.jsonl
Our Gemini runs,ToT+Refine,92,9.666666666666666,results/refined/text_tot_gem25_n100_refine.jsonl
Our Gemini runs,ToT+Refine,77,8.666666666666666,results/refined/text_tot_gem25_n100_refine.jsonl
Our Gemini runs,ToT+Refine,59,9.666666666666666,results/refined/text_tot_gem25_n100_refine.jsonl
Our Gemini runs,ToT+Refine,63,8.666666666666666,results/refined/text_tot_gem25_n100_refine.jsonl
Our Gemini runs,ToT+Refine,46,6.333333333333333,results/refined/text_tot_gem25_n100_refine.jsonl
Our Gemini runs,ToT+Refine,56,4.666666666666667,results/refined/text_tot_gem25_n100_refine.jsonl
Our Gemini runs,ToT+Refine,48,9.666666666666666,results/refined/text_tot_gem25_n100_refine.jsonl
Our Gemini runs,ToT+Refine,26,7.0,results/refined/text_tot_gem25_n100_refine.jsonl
Our Gemini runs,ToT+Refine,84,5.333333333333333,results/refined/text_tot_gem25_n100_refine.jsonl
Our Gemini runs,ToT+Refine,93,5.0,results/refined/text_tot_gem25_n100_refine.jsonl
Our Gemini runs,ToT+Refine,76,9.666666666666666,results/refined/text_tot_gem25_n100_refine.jsonl
Our Gemini runs,ToT+Refine,17,8.333333333333334,results/refined/text_tot_gem25_n100_refine.jsonl
Our Gemini runs,ToT+Refine,91,3.0,results/refined/text_tot_gem25_n100_refine.jsonl
Our Gemini runs,ToT+Refine,83,6.0,results/refined/text_tot_gem25_n100_refine.jsonl
Our Gemini runs,ToT+Refine,47,9.333333333333334,results/refined/text_tot_gem25_n100_refine.jsonl
Our Gemini runs,ToT+Refine,31,5.666666666666667,results/refined/text_tot_gem25_n100_refine.jsonl
Our Gemini runs,ToT+Refine,4,8.666666666666666,results/refined/text_tot_gem25_n100_refine.jsonl
Our Gemini runs,ToT+Refine,61,3.0,results/refined/text_tot_gem25_n100_refine.jsonl
Our Gemini runs,ToT+Refine,16,6.666666666666667,results/refined/text_tot_gem25_n100_refine.jsonl
Our Gemini runs,ToT+Refine,15,9.333333333333334,results/refined/text_tot_gem25_n100_refine.jsonl
Our Gemini runs,ToT+Refine,81,8.333333333333334,results/refined/text_tot_gem25_n100_refine.jsonl
Our Gemini runs,ToT+Refine,75,10.0,results/refined/text_tot_gem25_n100_refine.jsonl
Our Gemini runs,ToT+Refine,20,6.0,results/refined/text_tot_gem25_n100_refine.jsonl
Our Gemini runs,ToT+Refine,14,8.666666666666666,results/refined/text_tot_gem25_n100_refine.jsonl
Our Gemini runs,ToT+Refine,55,9.333333333333334,results/refined/text_tot_gem25_n100_refine.jsonl
Our Gemini runs,ToT+Refine,88,10.0,results/refined/text_tot_gem25_n100_refine.jsonl
Our Gemini runs,ToT+Refine,74,4.333333333333333,results/refined/text_tot_gem25_n100_refine.jsonl
Our Gemini runs,ToT+Refine,45,8.0,results/refined/text_tot_gem25_n100_refine.jsonl
Our Gemini runs,ToT+Refine,32,7.0,results/refined/text_tot_gem25_n100_refine.jsonl
Our Gemini runs,ToT+Refine,44,9.333333333333334,results/refined/text_tot_gem25_n100_refine.jsonl
Our Gemini runs,ToT+Refine,62,9.0,results/refined/text_tot_gem25_n100_refine.jsonl
Our Gemini runs,ToT+Refine,28,7.666666666666667,results/refined/text_tot_gem25_n100_refine.jsonl
Our Gemini runs,ToT+Refine,73,7.0,results/refined/text_tot_gem25_n100_refine.jsonl
Our Gemini runs,ToT+Refine,13,6.666666666666667,results/refined/text_tot_gem25_n100_refine.jsonl
Our Gemini runs,ToT+Refine,82,6.0,results/refined/text_tot_gem25_n100_refine.jsonl
Our Gemini runs,ToT+Refine,30,9.666666666666666,results/refined/text_tot_gem25_n100_refine.jsonl
Our Gemini runs,ToT+Refine,43,4.333333333333333,results/refined/text_tot_gem25_n100_refine.jsonl
Our Gemini runs,ToT+Refine,12,8.333333333333334,results/refined/text_tot_gem25_n100_refine.jsonl
Our Gemini runs,ToT+Refine,72,8.666666666666666,results/refined/text_tot_gem25_n100_refine.jsonl
Our Gemini runs,ToT+Refine,29,3.6666666666666665,results/refined/text_tot_gem25_n100_refine.jsonl
Our Gemini runs,ToT+Refine,11,9.666666666666666,results/refined/text_tot_gem25_n100_refine.jsonl
Our Gemini runs,ToT+Refine,54,7.333333333333333,results/refined/text_tot_gem25_n100_refine.jsonl
Our Gemini runs,ToT+Refine,71,6.0,results/refined/text_tot_gem25_n100_refine.jsonl
Our Gemini runs,ToT+Refine,58,7.333333333333333,results/refined/text_tot_gem25_n100_refine.jsonl
Our Gemini runs,ToT+Refine,41,9.666666666666666,results/refined/text_tot_gem25_n100_refine.jsonl
Our Gemini runs,ToT+Refine,53,9.666666666666666,results/refined/text_tot_gem25_n100_refine.jsonl
Our Gemini runs,ToT+Refine,42,8.333333333333334,results/refined/text_tot_gem25_n100_refine.jsonl
Our Gemini runs,ToT+Refine,89,2.3333333333333335,results/refined/text_tot_gem25_n100_refine.jsonl
Our Gemini runs,ToT+Refine,9,9.0,results/refined/text_tot_gem25_n100_refine.jsonl
Our Gemini runs,ToT+Refine,70,3.3333333333333335,results/refined/text_tot_gem25_n100_refine.jsonl
Our Gemini runs,ToT+Refine,51,8.0,results/refined/text_tot_gem25_n100_refine.jsonl
Our Gemini runs,ToT+Refine,69,10.0,results/refined/text_tot_gem25_n100_refine.jsonl
Our Gemini runs,ToT+Refine,87,4.666666666666667,results/refined/text_tot_gem25_n100_refine.jsonl
Our Gemini runs,ToT+Refine,21,5.0,results/refined/text_tot_gem25_n100_refine.jsonl
Our Gemini runs,ToT+Refine,10,6.0,results/refined/text_tot_gem25_n100_refine.jsonl
Our Gemini runs,ToT+Refine,80,6.666666666666667,results/refined/text_tot_gem25_n100_refine.jsonl
Our Gemini runs,ToT+Refine,40,8.666666666666666,results/refined/text_tot_gem25_n100_refine.jsonl
Our Gemini runs,ToT+Refine,85,6.666666666666667,results/refined/text_tot_gem25_n100_refine.jsonl
Our Gemini runs,ToT+Refine,8,5.333333333333333,results/refined/text_tot_gem25_n100_refine.jsonl
Our Gemini runs,ToT+Refine,57,9.0,results/refined/text_tot_gem25_n100_refine.jsonl
Our Gemini runs,ToT+Refine,99,9.666666666666666,results/refined/text_tot_gem25_n100_refine.jsonl
Our Gemini runs,ToT+Refine,23,6.333333333333333,results/refined/text_tot_gem25_n100_refine.jsonl
Our Gemini runs,ToT+Refine,39,6.0,results/refined/text_tot_gem25_n100_refine.jsonl
Our Gemini runs,ToT+Refine,52,5.333333333333333,results/refined/text_tot_gem25_n100_refine.jsonl
Our Gemini runs,ToT+Refine,68,8.333333333333334,results/refined/text_tot_gem25_n100_refine.jsonl
Our Gemini runs,ToT+Refine,98,7.666666666666667,results/refined/text_tot_gem25_n100_refine.jsonl
Our Gemini runs,ToT+Refine,25,7.333333333333333,results/refined/text_tot_gem25_n100_refine.jsonl
Our Gemini runs,ToT+Refine,38,6.0,results/refined/text_tot_gem25_n100_refine.jsonl
Our Gemini runs,ToT+Refine,22,5.666666666666667,results/refined/text_tot_gem25_n100_refine.jsonl
Our Gemini runs,ToT+Refine,67,7.666666666666667,results/refined/text_tot_gem25_n100_refine.jsonl
Our Gemini runs,ToT+Refine,86,10.0,results/refined/text_tot_gem25_n100_refine.jsonl
Our Gemini runs,ToT+Refine,37,4.666666666666667,results/refined/text_tot_gem25_n100_refine.jsonl
Our Gemini runs,ToT+Refine,97,4.0,results/refined/text_tot_gem25_n100_refine.jsonl
Our Gemini runs,ToT+Refine,24,5.666666666666667,results/refined/text_tot_gem25_n100_refine.jsonl
Our Gemini runs,ToT+Refine,7,7.333333333333333,results/refined/text_tot_gem25_n100_refine.jsonl
Our Gemini runs,ToT+Refine,66,9.666666666666666,results/refined/text_tot_gem25_n100_refine.jsonl
Our Gemini runs,ToT+Refine,6,4.0,results/refined/text_tot_gem25_n100_refine.jsonl
Our Gemini runs,ToT+Refine,1,3.0,results/refined/text_tot_gem25_n100_refine.jsonl
